,title,score,id,url,comms_num,created,body,upvote_ratio,category,timestamp
0,Serious question: who do you you think had the most impressive rookie season of all time?,12,hxu347,https://www.reddit.com/r/nba/comments/hxu347/serious_question_who_do_you_you_think_had_the/,28,1595739388.0,"My three question are A:Who do you think had the most impressive rookie season in NBA history, B: why do you think so? And 3: Do you think it will ever be broken and if so by who?

EDIT: WOW didn’t expect so many answers so quickly. Please feel free to list the backstory as to way as to me that’s the most interesting part. My personal favorite Rookie would have to be Derrick Rose. As a white kid from the suburbs something about him just resonated with me and I watched every bull game his rookie year",1.0,rising,2020-07-25 21:56:28
1,Moses Malone is the only player in NBA history to average above 10 offensive rebounds in the playoffs,8,hxurz3,https://www.reddit.com/r/nba/comments/hxurz3/moses_malone_is_the_only_player_in_nba_history_to/,5,1595741963.0,"In the 1978-79 playoffs he averaged an insane 12.5 offensive rebounds a game and 8 defensive rebounds a game along with 24.5 points and 4 blocks.

The next closest player is Dennis Rodman in 1993-94 who averaged 8 offensive rebounds, a staggering 4.5 lower than Malone's.

Source: [https://www.basketball-reference.com/players/m/malonmo01.html#all\_playoffs\_per\_game](https://www.basketball-reference.com/players/m/malonmo01.html#all_playoffs_per_game) 

 [https://www.basketball-reference.com/players/r/rodmade01.html#all\_playoffs\_per\_minute](https://www.basketball-reference.com/players/r/rodmade01.html#all_playoffs_per_minute)",1.0,rising,2020-07-25 22:39:23
2,"On December 27 2001 Michael Jordan played the worst game of his career, finishing with just 6 points on 2/10 shooting. He followed this up with a combined 96 points (51 and 45) in his next two games.",752,hxmhee,https://www.reddit.com/r/nba/comments/hxmhee/on_december_27_2001_michael_jordan_played_the/,58,1595711503.0,"Michael Jordan stories and stats are pretty damn cool, and even tho this is a relatively well known stat, I still think it's worth sharing.  
  
This was a 38 year old Wizards Michael Jordan too which makes it even more spectacular that he was able to bounce back so well. Both of those games were wins for Washington. Here are the highlights to the respective games.  
  
[51 point game against Charlotte](https://www.youtube.com/watch?v=Jh-szbNsmHw). 
  
[45 point game against New Jersey](https://www.youtube.com/watch?v=RFZFBfnmVQY).",0.96,rising,2020-07-25 14:11:43
